date,total_cases,preds_cases,preds_cases_3,preds_cases_7,preds_cases_std,preds_cases_3_std,preds_cases_7_std
20200425,984,1152,1243,0,82,84,0
20200426,991,1075,1247,1564,11,57,29
20200427,1002,1092,1288,1609,49,96,59
20200428,1004,1208,1278,1608,167,23,26
20200429,1004,1157,1271,1674,84,55,68
20200430,1012,1204,1314,1711,130,104,53
20200501,1039,1161,1313,1747,103,96,44
20200502,1057,1132,1274,1689,19,78,37
20200503,1063,1255,1285,1657,147,89,74
20200504,1082,1115,1363,1706,19,184,110
20200505,1085,1202,1300,1647,57,77,62
20200506,1096,1185,1301,1617,59,108,57
20200507,1107,1243,1288,1610,115,64,61
20200508,1123,1280,1345,1639,136,120,85
20200509,1133,1290,1390,1645,120,167,87
20200510,1163,1313,1326,1527,221,40,41
20200511,1196,1252,1355,1579,8,101,63
20200512,1275,1290,1344,1598,124,42,72
20200513,1326,1419,1365,1604,105,34,81
20200514,1367,1501,1384,1610,102,95,77
20200515,1414,1497,1483,1604,123,29,63
20200516,1454,1567,1533,1629,119,52,68
20200517,1509,1598,1599,1644,67,95,49
20200518,1551,1661,1748,1677,75,172,59
20200519,1597,1780,1719,1854,177,86,63
20200520,1634,1808,1823,1871,134,143,95
20200521,1661,1845,1880,1936,167,137,86
20200522,1699,1760,1894,2067,24,95,111
20200523,1761,1829,2005,2124,7,144,36
20200524,1813,1897,1911,2184,34,27,78
20200525,1854,1961,1998,2234,33,72,73
20200526,1920,2029,2155,2261,56,206,52
20200527,1991,2065,2106,2392,18,53,131
20200528,2098,2212,2189,2378,102,118,152
20200529,2256,2242,2217,2421,7,72,138
20200530,2425,2439,2272,2632,44,64,277
20200531,2499,2688,2424,2504,134,88,34
20200601,2698,2859,2676,2606,261,177,97
20200602,2792,2886,2765,2718,20,53,184
20200603,2891,3002,3013,2980,34,215,295
20200604,3020,3106,3107,3075,6,36,283
20200605,3147,3397,3304,3090,218,201,22
20200606,3290,3450,3306,3359,37,43,102
20200607,3496,3555,3453,3616,63,100,417
20200608,3580,3805,3696,3873,14,109,203
20200609,3742,3864,3792,4199,61,85,545
20200610,3920,4129,4274,4270,209,384,431
20200611,4111,4179,4233,4219,87,141,27
20200612,4320,4457,4389,4576,44,423,318
20200613,4484,4707,5040,4853,115,774,589
20200614,4737,4785,4996,5328,5,324,553
20200615,4974,5089,5456,5472,3,808,599
20200616,5193,5281,5324,5556,43,246,532
20200617,5406,5638,5815,6071,88,449,853
20200618,5675,5763,5743,6357,11,53,855
20200619,6027,6254,6306,6068,189,667,58
20200620,6526,6524,6221,7025,148,46,995
20200621,7072,6978,6575,7244,27,266,925
20200622,7802,7323,6959,7010,462,43,69
20200623,8674,8373,7699,7336,48,262,110
20200624,9553,9082,7948,8340,53,91,973
20200625,10444,10313,9054,8940,103,27,992
20200626,11364,11004,10763,9164,226,1124,850
20200627,12349,11423,11508,10153,219,1004,1225
20200628,13436,13420,12236,10497,215,450,737
20200629,14419,14127,12268,10960,297,464,198
20200630,15394,15244,14547,12466,354,211,209
20200701,16339,16881,15764,14376,409,206,1200
20200702,17357,17550,17937,16242,246,1961,1847
20200703,18570,18812,17645,15004,297,260,384
20200704,20462,19946,20642,17942,120,2663,658
20200705,22312,21895,20426,19827,102,341,1363
20200706,23902,23889,21754,21416,34,1060,1629
20200707,25733,25215,24052,22852,640,544,1559
20200708,27612,27141,25686,24222,766,111,1627
20200709,29536,29729,28419,26436,346,1295,2449
20200710,30946,31040,29399,27719,718,276,2272
20200711,32224,32643,31664,30340,964,704,2403
20200712,33402,34589,36431,31698,1763,3324,610
20200713,34671,35870,35880,33090,2043,354,426
20200714,36221,36470,37392,36386,907,537,976
20200715,37745,38056,38957,37843,1021,805,1015
20200716,39342,40063,42998,40267,1083,4319,988
20200717,41018,41362,41872,43028,814,9,184
20200718,42496,43495,45856,45846,1325,3508,852
20200719,43780,45465,45141,46155,411,218,1476
20200720,45076,46406,47391,49256,1249,482,1299
20200721,46274,47259,48991,49348,1194,1130,1218
20200722,47705,48801,54148,52313,1106,6171,317
20200723,49259,50602,52719,55643,718,1983,705
20200724,50826,51941,53184,55852,1345,166,1562
20200725,52466,53498,54306,57739,1592,971,2156
20200726,52466,55703,56720,59693,1100,778,1671
20200727,54059,55372,58278,61899,1292,60,686
20200728,57142,57510,59556,64919,1143,598,1311
20200729,57142,60088,60601,65784,1046,1525,594
20200730,58906,60491,61978,68344,1045,208,281
20200731,60717,62070,65360,72272,1098,11,1917
20200801,62703,65352,65444,72894,1053,1259,532
20200802,64786,65778,68091,73377,1810,1641,1357
20200803,66677,68072,69170,75013,1627,1825,457
20200804,68946,69828,71842,78399,2031,635,1347
20200805,70958,72782,73716,76642,1486,76,1806
20200806,73050,77115,82359,84608,374,9426,4458
20200807,75257,76515,78939,84395,1593,1101,1726
20200808,77513,79193,81809,84989,2318,4259,2328
20200809,79495,81395,83488,88986,2194,482,136
20200810,80751,84082,85326,91028,1516,71,257
20200811,82647,84860,88988,94338,2098,740,803
20200812,84544,86725,90229,98913,2302,46,2413
20200813,86475,88806,91962,103529,1956,375,4649
20200814,88396,91233,94026,102087,3221,297,1080
20200815,90259,92367,108632,109685,1954,18049,5592
20200816,91361,97012,98091,118026,865,571,12774
20200817,92255,95805,101443,113776,1980,1591,5782
20200818,93937,98025,103372,113709,4043,4486,816
20200819,95700,98577,104598,118033,2311,1803,4754
20200820,97424,100593,105020,122012,2502,683,6832
20200821,99391,101706,108379,122251,2381,2732,2013
20200822,101865,103814,109106,124201,1823,1595,1280
20200823,104249,107421,111807,121257,1641,2792,4390
20200824,106091,109491,112230,124000,3758,204,1883
20200825,108670,112739,125396,128306,2028,15252,778
20200826,111688,115726,117887,126389,2587,87,5024
20200827,114483,118334,119108,132425,1900,1320,539
20200828,117415,120174,122436,136210,2641,627,2630
20200829,120166,123040,126460,137075,3423,1935,1266
20200830,123090,126994,129337,138530,2729,119,3950
20200831,124963,129425,132283,142897,1451,698,731
20200901,127697,131037,134995,142658,2844,929,4795
20200902,130589,134277,139894,149292,3257,425,3001
20200903,133406,138121,140778,149539,1031,1146,4986
20200904,135884,139452,143608,155625,3240,1118,3427
20200905,138395,142964,146216,163541,5614,1804,3811
20200906,140969,145034,150143,169087,3851,1715,5966
20200907,142771,148257,154837,171230,4950,1977,5264
20200908,145163,151321,165746,181187,879,13825,16302
20200909,147642,153142,164493,176477,2037,9855,1797
20200910,150176,155929,159467,175994,6302,2903,4218
20200911,152602,156411,164679,177888,4216,4546,1302
20200912,154880,160125,165027,180694,5481,391,7316
20200913,157096,161941,170264,185942,5301,3275,4609
20200914,158513,164273,170914,198099,5391,640,12533
20200915,160571,166793,174295,185725,3921,1441,11096
20200916,162844,168061,175691,191784,4496,1290,6702
20200917,165003,171323,178097,192564,2857,2048,10036
20200918,167046,174504,179418,197599,813,925,7845
20200919,169169,175211,181375,218655,5905,669,18971
20200920,171306,177688,182146,215792,6055,2528,13711
20200921,172608,181210,190127,205742,2205,4312,5396
20200922,174774,185751,189140,209540,3096,141,3800
20200923,177070,184095,189372,206761,6069,2217,13202
20200924,179246,185677,190167,223553,4435,687,7226
20200925,181627,188490,195566,218525,3125,1934,2547
20200926,183866,190189,198454,226614,6490,1686,7526
20200927,185833,193888,199988,240889,4952,1906,20311
20200928,187211,196246,201773,222637,4418,910,6358
20200929,189283,196750,206097,226265,3688,2783,4146
20200930,191386,198701,209533,231945,7133,5004,247
20201001,193600,200318,209128,246091,3960,2089,15772
20201002,195609,202372,211189,238224,5377,1039,4018
20201003,197327,204311,212773,233670,5515,1870,11967
20201004,199276,205867,214959,238338,5640,321,8007
20201005,200611,210481,242064,237310,3111,33543,11978
20201006,202594,212959,221001,259747,3712,3327,15658
20201007,204748,213004,224402,246700,3917,7528,7130
20201008,206644,216278,227753,250553,3059,11236,1855
20201009,208535,215742,224483,260367,6231,3037,7659
20201010,210346,218913,225412,259038,6945,1485,2096
20201011,212063,222413,228375,249107,1237,825,15336
20201012,213084,222262,230864,247814,5684,493,17135
20201013,214792,230335,231499,248687,1176,2284,17281
20201014,216238,226595,241884,260385,2615,12524,6958
20201015,217670,226863,236298,256231,8692,5865,14775
20201016,219224,229374,235770,266617,5329,1017,3920
20201017,220675,231013,237992,263097,3996,130,10345
20201018,222111,231252,245758,264989,6941,10094,13356
20201019,223059,230708,240267,270599,5714,3092,4986
20201020,224545,233995,246426,291206,5757,3144,22737
20201021,226124,234845,251979,268216,5615,9505,17835
20201022,227580,237535,245201,295591,5584,474,23805
20201023,229001,237611,253038,281859,3407,11583,2419
20201024,230274,240309,254198,270023,7695,9580,15959
20201025,231252,240623,250454,281469,5795,4676,5906
20201026,231834,239442,253708,276875,5207,4064,14338
20201027,232671,247771,251375,273395,4820,802,17207
20201028,234152,239012,255815,308727,2232,2871,24903
20201029,235656,241286,255802,275660,2791,9319,22117
20201030,237187,245405,254598,280242,5295,900,14553
20201031,238632,244021,254969,285282,1825,2160,9587
20201101,240048,243459,255762,288593,188,2273,5297
20201102,240970,245947,258147,298062,751,2086,3841
20201103,242506,245809,261522,295589,401,153,1463
20201104,244143,254000,262048,295656,5350,1374,432
20201105,245682,256155,262718,296618,3495,626,798
20201106,247284,259235,270894,298770,6384,15394,533
20201107,248891,259786,265473,299629,5905,2347,545
20201108,250331,260336,268427,301907,3741,2346,3160
20201109,251188,261408,270098,301828,6304,3209,2444
20201110,252455,262345,273263,297044,6153,6514,11507
20201111,253651,262336,274934,296732,5453,3556,12075
20201112,254666,268942,272709,297374,14604,2424,13184
20201113,255663,261161,278233,307297,1203,7971,9038
20201114,256713,265131,277438,302184,4591,2589,13418
20201115,257374,267081,275916,318433,5711,720,25395
20201116,257876,264317,275555,307443,3977,1674,10532
20201117,258828,265945,277606,307621,1970,1967,13660
20201118,259776,268438,278210,310079,2140,171,2498
20201119,260834,271132,278915,316751,3026,669,795
20201120,261728,273983,277912,314110,4763,237,4142
20201121,262653,268314,277977,313508,2536,812,5720
20201122,263526,269653,282796,303952,56,864,13315
20201123,264128,271302,283111,318886,1729,349,1733
20201124,265049,282003,283525,319988,3180,1552,268
20201125,266042,273558,282981,320935,3210,1550,2475
20201126,266904,272067,282685,321647,2771,2216,1257
20201127,267665,278376,285319,320990,4444,1294,3167
20201128,268418,275081,287494,322443,2162,2209,550
20201129,269223,288499,287019,324216,10138,320,1144
20201130,269816,275749,287093,321663,1174,435,1364
20201201,270318,274514,291821,325259,244,5440,588
20201202,270883,275185,289091,326445,1604,1733,1075
20201203,271492,277790,289611,326340,931,176,324
20201204,272123,277813,291701,326848,1430,430,838
20201205,272719,286853,291345,326655,6567,1483,1349
20201206,273341,288719,295259,327086,4645,3606,1094
20201207,273858,278970,292101,329761,707,856,1103
20201208,274540,278293,292365,326875,484,512,78
20201209,275261,281283,293032,327360,38,421,1626
20201210,275904,280122,293738,341411,708,89,17431
20201211,276516,282482,294654,327582,1551,932,817
20201212,277151,281419,294667,328966,452,183,695
20201213,277724,288088,295177,331498,2840,665,402
20201214,278108,283462,295514,331433,1922,51,40
20201215,278599,289118,296821,334454,4527,1067,5
20201216,279135,284210,296819,333208,879,1006,1741
20201217,279644,284539,298012,331504,973,1485,3909
20201218,280195,292514,298153,333680,645,317,1432
20201219,280822,289382,298530,332782,6917,2304,807
20201220,281414,292788,299284,334524,10934,131,985
20201221,281730,286267,298589,335448,515,270,1343
20201222,282347,288134,300039,335120,2154,726,2362
20201223,282982,287347,300239,334737,1046,1727,1333
20201224,283556,292063,301601,336433,6920,476,553
20201225,284074,295548,301539,336686,6279,667,1973
20201226,284391,288902,302502,336266,1029,2361,652
20201227,284863,291704,302799,336230,409,194,544
20201228,285068,293303,303569,335471,5276,865,701
20201229,285465,295812,304444,337069,8060,2158,1681
20201230,285939,291152,303874,338591,2298,902,780
20201231,286354,298930,302843,338948,9816,710,1606
20210101,286815,292177,304042,338319,791,346,240
20210102,287108,293158,304460,340453,1280,1995,5507
20210103,287502,292342,305195,338035,1079,713,2543
20210104,287740,295511,305053,336842,641,2095,3148
20210105,287993,292746,306293,338308,746,3516,1661
20210106,288410,298512,305215,339554,9288,1631,2523
20210107,288789,295009,306686,337341,3944,611,552
20210108,289135,296486,307117,364528,1239,690,30921
20210109,289433,294784,305907,340753,1587,85,506
20210110,289784,301261,318150,340793,5317,15791,935
20210111,290008,297605,309385,340909,3400,3447,1024
20210112,290309,294806,308063,339708,1122,990,129
20210113,290640,294935,307015,340981,837,795,860
20210114,290916,296146,318574,342008,655,14650,515
20210115,291118,297462,308288,340572,216,483,2040
20210116,291367,296595,310744,340460,594,1282,2941
20210117,291666,296328,308090,341728,1753,2172,852
20210118,291872,297483,308596,341208,1961,37,761
20210119,292128,296774,308326,340973,1101,303,2223
20210120,292395,297136,309502,338252,900,868,1349
20210121,292621,298232,309134,342377,330,424,409
20210122,292835,297520,308657,341718,1983,1272,964
20210123,293056,304428,309838,342325,1901,627,886
20210124,293253,298844,310852,340786,3410,404,309
20210125,293401,304912,308104,342397,6372,240,268
20210126,293590,298490,310243,340410,778,799,76
20210127,293737,304883,310602,340800,5842,875,24
20210128,293923,309977,310009,344300,2265,551,962
20210129,294120,305581,310853,340461,35,2603,1048
20210130,294306,304219,312605,343893,5266,2535,63
20210131,294469,297863,311974,342529,8,2519,294
20210201,294587,298689,310510,344808,362,469,3195
20210202,294739,301268,312027,341890,814,4238,194
20210203,294924,298736,311520,340377,133,2610,2296
20210204,295101,299994,310634,342445,2001,485,3062
20210205,295270,305972,315050,341098,6599,5209,421
20210206,295431,302981,312180,342516,4840,1342,1334
20210207,295581,306899,310577,343121,4592,86,474
20210208,295682,304647,310796,343603,881,874,3475
20210209,295831,300149,311193,341044,1067,1852,546
20210210,295988,300946,311032,341331,697,1614,549
20210211,296134,309009,310932,341567,5560,483,1398
20210212,296277,304825,311208,358448,2647,685,16199
20210213,296428,305032,312271,342501,7674,947,361
20210214,296574,308571,311723,342437,0,116,3180
20210215,296673,303382,311726,341873,3064,490,676
20210216,296802,303382,311269,340969,3064,0,971
20210217,296950,302110,314389,342662,180,4105,1876
20210218,297113,302853,314389,341249,664,4105,581
20210219,297278,302227,312751,340979,1246,1503,324
20210220,297435,303219,310978,342242,2162,687,716
20210221,297598,307461,311724,341433,6846,646,1560
20210222,297712,305758,312435,341433,2858,1336,1560
20210223,297861,302402,312225,341275,1008,109,370
20210224,298057,302954,328412,344064,267,22796,935
20210225,298264,304035,312253,339729,2219,796,90
20210226,298453,308422,312200,342693,5184,1407,3320
20210227,298631,304587,315576,340521,3198,3458,684
20210228,298807,307842,312405,343153,3069,450,1949
20210301,298923,310978,313508,340928,3173,1046,466
20210302,299086,307872,317092,340977,4480,5030,78
20210303,299254,304048,313591,341943,1921,524,11
20210304,299406,303992,318427,339797,597,1799,607
20210305,299572,305275,313774,342404,914,949,608
20210306,299742,305866,312719,340135,533,435,466
20210307,299900,310939,320241,342321,4868,9520,991
20210308,300011,302977,314451,341760,378,869,2890
20210309,300153,309036,313844,346305,6650,760,1360
20210310,300342,304207,319105,342743,1133,5077,215
20210311,300536,307984,313672,340335,3485,95,211
20210312,300717,305200,314126,340051,1845,1007,440
20210313,300933,304278,314006,342624,60,393,2585
20210314,301161,309024,326579,341526,1253,17797,737
20210315,301318,307992,314215,342499,1613,747,751
20210316,301522,309574,313804,341347,1746,44,2793
20210317,301769,311072,314790,342816,4922,541,755
20210318,302047,311568,317388,341816,5135,3266,3139
20210319,302360,312783,319781,342647,10667,3985,1114
20210320,302724,312340,315210,342159,1950,17,1338
20210321,303118,309408,326999,341309,4656,12035,914
20210322,303455,306218,317321,347044,9,729,9616
20210323,303867,309703,323283,340692,3702,10118,1142
20210324,304298,309395,315991,344323,720,2,3584
20210325,304791,314269,319491,342005,4853,4160,1180
20210326,305309,316793,320221,343624,1095,5837,1227
20210327,305804,315140,317824,342418,4392,176,1729
20210328,306339,316431,318064,344056,1922,703,484
20210329,306742,316267,319721,343282,5024,678,238
20210330,307205,311415,318714,343463,160,297,1069
20210331,307889,311881,320360,344322,111,765,1133
20210401,308776,313846,322146,344988,938,2509,534
20210402,309741,318139,323601,345159,1210,3648,1802
20210403,310819,318282,320772,346702,896,1103,294
20210404,312140,315950,324610,345937,603,4261,76
20210405,313237,318145,323408,345344,4007,2247,1385
20210406,314735,322968,325008,345215,4138,110,768
20210407,316649,318600,325629,348884,3414,849,2818
20210408,319054,329945,326927,347470,600,1463,2002
20210409,321182,324002,327057,346653,237,1805,112
20210410,324091,326976,329945,349017,1442,600,2615
20210411,327278,334566,333032,351617,4488,956,167
20210412,329529,333071,333582,352231,613,394,2350
20210413,332581,336289,337677,352833,2852,2127,346
20210414,334738,341783,342017,354639,525,1638,1413
20210415,338045,351791,342980,360086,17520,1826,913
20210416,341885,343965,351657,360252,1325,8239,1285
20210417,346331,347632,365420,364437,1044,17760,1766
20210418,351424,350329,351877,366251,1328,515,730
20210419,355433,355573,356772,370361,236,1533,1010
20210420,361359,364214,359828,371106,7593,1607,110
20210421,367901,365968,367328,377385,2055,4015,839
20210422,373468,373072,373687,377903,326,4563,27
20210423,379494,380023,377156,383940,1367,376,705
20210424,387106,386444,382124,386937,218,433,1599
20210425,395232,398815,389056,396343,6427,169,2086
20210426,401783,402106,396403,397746,193,993,1950
20210427,411905,408162,421744,405551,2045,11455,1653
20210428,419966,417155,411815,410589,1436,751,3250
20210429,427960,433567,417605,418470,3460,212,1521
20210430,435606,435041,432606,424010,314,3610,991
20210501,443360,448775,442365,435395,6343,7506,2857
20210502,450790,451858,447812,442093,87,2007,549
20210503,456485,458334,452581,452542,634,961,1128
20210504,463361,475277,461885,461987,736,1511,3255
20210505,469722,471831,476366,470239,368,5907,3837
20210506,475748,481712,475277,479468,1188,736,775
20210507,481640,487711,482634,548758,10838,2458,80055
20210508,487199,492331,489487,495849,8081,1177,1905
20210509,492385,504248,495582,502157,3238,294,2456
20210510,497361,509130,500467,512453,1149,3426,1048
20210511,502187,508738,507917,519273,1307,1952,1285
20210512,506988,513205,509955,525651,829,18,37
20210513,511711,520942,517510,534669,10461,1104,2541
20210514,516404,522832,521841,535777,1158,421,1779
20210515,520709,531824,528113,544726,8059,1006,2275
20210516,525007,536391,543335,552289,2381,4671,2708
20210517,528823,537508,539414,558973,981,2675,3249
20210518,532784,536111,542187,563600,2492,2135,3479
20210519,536766,541105,545877,566825,1309,1491,1227
20210520,540603,549801,548960,575000,7631,1497,1094
20210521,544263,562926,558647,582723,2972,2663,2328
20210522,547727,559762,559974,583691,1839,80,2065
20210523,551035,558635,563864,592843,2505,4114,2730
20210524,553277,574904,567416,594825,1502,1236,211
20210525,556320,564187,570293,599205,2067,737,1803
20210526,560141,564719,579356,601307,3283,7798,1659
20210527,563903,564719,575249,606949,3283,1964,633
20210528,567517,573686,578667,609238,3793,399,975
20210529,571044,577538,578667,614770,1550,399,3181
20210530,574026,588031,585909,614723,6599,934,2624
20210531,575827,582390,600026,620166,509,17373,1834
20210601,578351,590388,594119,624500,3984,2013,47
20210602,580844,589839,596793,624500,5179,334,47
20210603,583228,595974,598460,634671,3149,2222,3310
20210604,585489,612065,605544,636397,1587,2386,5837
20210605,587664,602542,605359,639148,13118,566,658
20210606,589734,599978,614905,643678,6787,2432,2108
20210607,591170,598204,612591,644805,2549,4748,5417
20210608,593103,608421,614491,648613,3964,3030,2686
20210609,595000,603250,614091,651822,256,1715,1784
20210610,596813,604170,615659,652112,1867,451,238
20210611,598611,606890,627513,655594,2552,15249,1935
20210612,600318,610366,618460,655037,6736,1445,1094
20210613,602089,625848,620588,659627,2281,668,1187
20210614,603369,615675,620378,663118,2533,536,4068
20210615,604880,622964,627003,662077,12822,3915,1359
20210616,606436,620433,625874,720331,1564,554,76214
20210617,607925,620505,630294,667069,7207,3054,972
20210618,609417,625363,628548,666990,7732,859,192
20210619,610834,621509,634128,672126,4972,4264,655
20210620,612196,630380,631369,670249,6938,762,3972
20210621,613202,628060,634488,671586,12212,1766,5382
20210622,614399,631609,636712,673427,7897,2018,2360
20210623,615574,639848,635631,679093,20438,1505,1379
20210624,616688,633128,637000,685575,6040,272,3455
20210625,617776,624004,646394,686877,449,11180,260
20210626,618837,627393,640374,682038,104,1089,1222
20210627,619865,630105,647216,679499,1053,7885,1798
20210628,620613,628068,640884,682931,4401,912,3499
20210629,621606,634019,642947,684519,8979,1678,2734
20210630,622593,631899,646747,682958,113,3485,513
20210701,623510,630658,646521,686917,1688,547,4236
20210702,624379,639371,645326,690725,10997,1710,2055
20210703,625237,634682,647423,687513,2161,244,1420
20210704,626085,633589,649904,686012,631,2363,674
20210705,626690,639831,652334,689584,5473,4142,2426
20210706,627498,636508,647775,690302,4777,502,1539
20210707,628282,638946,659083,691441,3799,16890,5671
20210708,629054,636437,650011,689126,519,3055,1966
20210709,629785,637720,655418,694344,1212,10751,3721
20210710,630514,652956,649440,692294,1374,1277,4469
20210711,631218,646921,656150,695836,3440,4691,3762
20210712,631683,646899,652956,698013,8013,1374,49
20210713,632379,655429,651467,699220,585,2990,925
20210714,633146,640497,658789,695438,4228,5954,923
20210715,633895,642678,655471,696055,4055,525,944
20210716,634605,647987,656591,699498,2434,406,310
20210717,635320,649676,658573,696635,11110,1928,2315
20210718,636049,647453,656926,698994,2914,1343,1017
20210719,636627,645322,657544,696641,848,324,1997
20210720,637373,648598,662592,703447,4356,737,260
20210721,638030,655091,661252,701048,6832,1345,5527
20210722,638721,658331,661217,700362,13,2491,258
20210723,639369,652771,661454,702259,6371,2168,32
20210724,640012,645403,658331,701609,1261,13,4233
20210725,640659,649361,660979,704317,3756,2088,1273
20210726,641153,650898,675476,703748,853,14824,1833
20210727,641791,651834,675806,702931,6946,20487,420
20210728,642436,659059,664881,703800,6304,491,3736
20210729,643093,648563,667137,704214,1130,5165,246
20210730,643716,656750,665699,707579,5289,4201,4046
20210731,644330,651492,664581,705761,68,177,1166
20210801,644951,659019,671906,704237,6224,11868,433
20210802,645406,653722,665257,705848,4649,863,3026
20210803,645997,666353,669739,707991,1150,8938,3310
20210804,646606,658539,669388,709007,4390,1543,2902
20210805,647229,659323,672581,711525,3281,2988,983
20210806,647811,659703,667030,713013,2160,1210,532
20210807,648388,663962,669198,711341,8376,1857,2329
20210808,648957,660907,669105,709862,2638,1605,1751
20210809,649406,661575,669355,709823,6238,749,2637
20210810,649859,667409,669500,710795,4942,1171,1
20210811,650353,658339,674739,712572,5496,4015,7837
20210812,650835,669731,674541,707848,3485,5145,4101
20210813,651288,660194,671450,715609,2320,2366,402
20210814,651715,661752,671772,712620,2465,599,3221
20210815,652135,676137,672393,714606,6224,1072,1092
20210816,652380,672021,670778,707361,21468,388,2229
20210817,652785,672199,679969,714088,20043,1306,386
20210818,653202,672090,687125,713836,3081,107,1587
20210819,653626,678024,680189,712033,5542,8744,1305
20210820,654035,659870,673590,713675,756,960,1164
20210821,654394,656682,683228,714814,244,12902,263
20210822,654758,656059,674223,714840,123,2651,1083
20210823,654989,656378,676529,715467,296,2907,829
20210824,655343,657013,680596,713206,325,1401,558
20210825,655732,658366,682319,715653,582,1043,4042
20210826,656098,659680,685230,715959,702,894,1435
20210827,656455,661721,685879,723585,486,3203,2480
20210828,656794,663300,688063,724024,813,133,1902
20210829,657119,665021,686105,725054,1299,1742,5177
20210830,657376,666112,688866,723274,1021,443,1198
20210831,657716,667249,689898,729190,1291,703,2881
20210901,658054,667715,689687,731710,419,546,4565
20210902,658376,669063,691027,726531,327,890,1987
20210903,658689,669555,689765,732185,487,1519,1474
20210904,659007,670116,690794,731321,122,22,208
20210905,659313,670270,692537,730611,117,632,585
20210906,659543,671195,692382,730882,44,2490,4021
20210907,659844,671171,692247,728871,620,213,2312
20210908,660142,671274,694032,734849,78,1397,3274
20210909,660471,671894,693443,731078,29,194,396
20210910,660786,671922,693279,735065,487,526,3902
20210911,661006,672454,692893,736020,421,72,3901
20210912,661302,672581,693514,738386,346,1134,1513
20210913,661551,672880,694532,736298,94,544,14
20210914,661866,673040,696070,732139,92,1414,2048
20210915,662202,673320,694824,736419,384,759,1237
20210916,662526,673703,694423,733886,264,647,1560
20210917,662785,673467,695011,734783,571,143,1886
20210918,663026,674255,696583,736935,6,129,8
20210919,663281,674418,696123,738060,824,539,11
20210920,663454,674569,696760,738093,259,367,2422
20210921,663662,674327,697746,733482,319,1460,1707
20210922,663906,674818,696728,738110,82,647,421
20210923,664164,674992,696723,736157,472,341,1308
20210924,664411,675331,695215,736781,279,1193,2768
20210925,664650,675819,697210,732614,49,41,6029
20210926,664898,675492,697457,736674,284,2185,247
20210927,665068,676458,697659,734666,288,848,3245
20210928,665284,676111,696865,739596,240,374,814
20210929,665504,676525,698509,729739,763,55,12586
20210930,665749,676050,699243,730421,38,213,10799
20211001,665963,676388,698699,730103,213,428,3333
20211002,666183,677188,698484,734112,78,860,6137
20211003,666384,677188,698361,732543,78,725,6717
20211004,666546,677779,699392,737764,510,1720,5664
20211005,666753,677381,699392,739048,125,1720,66
20211006,666971,677620,698173,736068,175,948,82
20211007,667158,678014,699344,737227,45,1251,223
20211008,667334,678092,698923,738080,98,770,200
20211009,667535,677826,698305,738080,30,528,200
20211010,667725,678635,699755,738321,35,399,395
20211011,667887,678577,698409,737178,31,925,2459
20211012,668070,678644,698637,738601,49,133,701
20211013,668266,678788,699834,740207,61,226,3214
20211014,668450,678938,702054,738502,475,186,3424
20211015,668618,679434,700719,741347,482,1080,726
20211016,668722,679234,699544,735814,192,574,2775
20211017,668833,679624,700497,739067,517,530,1157
20211018,668955,679616,700841,738105,247,1210,2937
20211019,669163,679769,699512,740295,319,227,97
20211020,669365,679896,700039,741843,229,902,3217
20211021,669556,679957,700108,739228,253,143,1244
20211022,669739,680565,701031,741493,293,1384,1225
20211023,669932,680370,701413,738516,347,517,1519
20211024,670139,680643,701908,741765,189,2239,1425
20211025,670274,680887,702558,739373,22,53,481
20211026,670453,680905,701494,738686,221,330,1254
20211027,670643,680952,701085,741621,453,1611,3939
20211028,670829,681650,700964,738277,78,341,3537
20211029,671000,681670,701696,736477,367,184,3713
20211030,671174,682011,701828,737912,137,574,3352
20211031,671342,681790,701790,738835,563,773,1467
20211101,671463,681816,701554,737920,131,621,925
20211102,671623,681823,702926,740031,29,685,1092
20211103,671790,681893,702560,739493,274,201,3108
20211104,671946,682389,702535,738144,340,1621,3329
20211105,672052,682255,704069,737197,545,858,2927
20211106,672203,682615,701213,739886,469,820,1150
20211107,672367,682224,704325,741438,87,382,2840
20211108,672489,683116,703531,740274,6,708,2050
20211109,672650,682951,703967,739149,387,1736,1780
20211110,672823,683309,703042,737692,181,351,1310
20211111,672987,682926,702875,739034,428,1337,160
20211112,673140,683595,703908,739598,150,1082,673
20211113,673312,683659,702250,738465,214,989,735
20211114,673469,683569,704000,742590,119,223,2737
20211115,673574,683534,703930,740954,249,551,2
20211116,673722,684591,702690,739274,191,165,1126
20211117,673889,684061,703054,739779,428,1103,1355
20211118,674037,684056,703824,739097,32,2079,1764
20211119,674181,684158,704488,738297,332,1754,1338
20211120,674318,684659,704818,739151,363,2531,2131
20211121,674452,684379,704934,741451,119,1183,3677
20211122,674555,684723,703389,739334,211,792,3661
20211123,674692,684915,702838,737173,8,479,1712
20211124,674845,685009,704471,738513,28,1412,1557
20211125,675001,685114,704733,742762,252,318,2267
20211126,675148,684959,703358,738839,46,186,1426
20211127,675319,685605,704540,739628,56,276,640
20211128,675479,685354,704357,739695,189,213,1640
20211129,675614,685101,705160,739810,235,133,2607
20211130,675798,685975,704694,740075,80,302,681
20211201,675994,686001,704147,739013,69,1303,859
20211202,676187,685865,705390,739252,70,1378,3099
20211203,676376,686229,704648,741152,219,259,93
20211204,676574,686738,704187,739039,191,1227,1710
20211205,676787,686586,705013,742051,337,1484,1584
20211206,676943,686680,706229,738755,3,367,918
20211207,677138,686837,705301,740337,711,442,2243
20211208,677341,687258,705197,741446,107,112,1624
20211209,677546,687382,705724,738162,325,700,2630
20211210,677747,687291,706073,740842,138,889,531
20211211,677954,687787,706838,739860,70,560,629
20211212,678142,688225,708210,740402,281,1447,992
20211213,678288,687767,707143,742232,262,221,1978
20211214,678478,687825,706362,741641,99,512,1858
20211215,678688,688558,707445,744207,26,1661,1332
