[
    {
        "sno": "1",
        "state_name": "Andhra Pradesh",
        "active": "0",
        "positive": "322",
        "cured": "322",
        "death": 0,
        "new_active": "0",
        "new_positive": "322",
        "new_cured": "322",
        "new_death": "0",
        "death_reconsille": "",
        "total": "",
        "state_code": "28",
        "actualdeath24hrs": "0"
    },
    {
        "sno": "2",
        "state_name": "Arunachal Pradesh",
        "active": "0",
        "positive": "3",
        "cured": "3",
        "death": 0,
        "new_active": "0",
        "new_positive": "3",
        "new_cured": "3",
        "new_death": "0",
        "death_reconsille": "",
        "total": "",
        "state_code": "12",
        "actualdeath24hrs": "0"
    },
    {
        "sno": "3",
        "state_name": "Assam",
        "active": "6",
        "positive": "187",
        "cured": "181",
        "death": 0,
        "new_active": "7",
        "new_positive": "190",
        "new_cured": "183",
        "new_death": "0",
        "death_reconsille": "",
        "total": "",
        "state_code": "18",
        "actualdeath24hrs": "0"
    },
    {
        "sno": "4",
        "state_name": "Bihar",
        "active": "1",
        "positive": "143",
        "cured": "142",
        "death": 0,
        "new_active": "1",
        "new_positive": "143",
        "new_cured": "142",
        "new_death": "0",
        "death_reconsille": "",
        "total": "",
        "state_code": "10",
        "actualdeath24hrs": "0"
    },
    {
        "sno": "5",
        "state_name": "Chandigarh",
        "active": "0",
        "positive": "17",
        "cured": "17",
        "death": 0,
        "new_active": "1",
        "new_positive": "18",
        "new_cured": "17",
        "new_death": "0",
        "death_reconsille": "",
        "total": "",
        "state_code": "04",
        "actualdeath24hrs": "0"
    },
    {
        "sno": "6",
        "state_name": "Chhattisgarh",
        "active": "8",
        "positive": "237",
        "cured": "224",
        "death": 5,
        "new_active": "8",
        "new_positive": "238",
        "new_cured": "225",
        "new_death": "5",
        "death_reconsille": "",
        "total": "",
        "state_code": "22",
        "actualdeath24hrs": "0"
    },
    {
        "sno": "7",
        "state_name": "Delhi",
        "active": "15",
        "positive": "4054",
        "cured": "4018",
        "death": 21,
        "new_active": "17",
        "new_positive": "4060",
        "new_cured": "4022",
        "new_death": "21",
        "death_reconsille": "",
        "total": "",
        "state_code": "07",
        "actualdeath24hrs": "0"
    },
    {
        "sno": "8",
        "state_name": "Goa",
        "active": "0",
        "positive": "29",
        "cured": "29",
        "death": 0,
        "new_active": "0",
        "new_positive": "29",
        "new_cured": "29",
        "new_death": "0",
        "death_reconsille": "",
        "total": "",
        "state_code": "30",
        "actualdeath24hrs": "0"
    },
    {
        "sno": "9",
        "state_name": "Gujarat",
        "active": "43",
        "positive": "3668",
        "cured": "3623",
        "death": 2,
        "new_active": "46",
        "new_positive": "3671",
        "new_cured": "3623",
        "new_death": "2",
        "death_reconsille": "",
        "total": "",
        "state_code": "24",
        "actualdeath24hrs": "0"
    },
    {
        "sno": "10",
        "state_name": "Haryana",
        "active": "8",
        "positive": "646",
        "cured": "634",
        "death": 4,
        "new_active": "5",
        "new_positive": "646",
        "new_cured": "637",
        "new_death": "4",
        "death_reconsille": "",
        "total": "",
        "state_code": "06",
        "actualdeath24hrs": "0"
    },
    {
        "sno": "11",
        "state_name": "Himachal Pradesh",
        "active": "0",
        "positive": "4",
        "cured": "4",
        "death": 0,
        "new_active": "2",
        "new_positive": "6",
        "new_cured": "4",
        "new_death": "0",
        "death_reconsille": "",
        "total": "",
        "state_code": "02",
        "actualdeath24hrs": "0"
    },
    {
        "sno": "12",
        "state_name": "Jammu and Kashmir",
        "active": "19",
        "positive": "125",
        "cured": "105",
        "death": 1,
        "new_active": "21",
        "new_positive": "127",
        "new_cured": "105",
        "new_death": "1",
        "death_reconsille": "",
        "total": "",
        "state_code": "01",
        "actualdeath24hrs": "0"
    },
    {
        "sno": "13",
        "state_name": "Jharkhand",
        "active": "0",
        "positive": "82",
        "cured": "81",
        "death": 1,
        "new_active": "0",
        "new_positive": "82",
        "new_cured": "81",
        "new_death": "1",
        "death_reconsille": "",
        "total": "",
        "state_code": "20",
        "actualdeath24hrs": "0"
    },
    {
        "sno": "14",
        "state_name": "Karnataka",
        "active": "20",
        "positive": "2950",
        "cured": "2919",
        "death": 11,
        "new_active": "20",
        "new_positive": "2958",
        "new_cured": "2927",
        "new_death": "11",
        "death_reconsille": "",
        "total": "",
        "state_code": "29",
        "actualdeath24hrs": "0"
    },
    {
        "sno": "15",
        "state_name": "Kerala***",
        "active": "45",
        "positive": "8724",
        "cured": "8627",
        "death": 52,
        "new_active": "38",
        "new_positive": "8725",
        "new_cured": "8635",
        "new_death": "52",
        "death_reconsille": "",
        "total": "",
        "state_code": "32",
        "actualdeath24hrs": "0"
    },
    {
        "sno": "16",
        "state_name": "Ladakh",
        "active": "0",
        "positive": "5",
        "cured": "5",
        "death": 0,
        "new_active": "0",
        "new_positive": "5",
        "new_cured": "5",
        "new_death": "0",
        "death_reconsille": "",
        "total": "",
        "state_code": "37",
        "actualdeath24hrs": "0"
    },
    {
        "sno": "17",
        "state_name": "Madhya Pradesh",
        "active": "3",
        "positive": "349",
        "cured": "336",
        "death": 10,
        "new_active": "3",
        "new_positive": "349",
        "new_cured": "336",
        "new_death": "10",
        "death_reconsille": "",
        "total": "",
        "state_code": "23",
        "actualdeath24hrs": "0"
    },
    {
        "sno": "18",
        "state_name": "Maharashtra",
        "active": "31",
        "positive": "2690",
        "cured": "2617",
        "death": 42,
        "new_active": "31",
        "new_positive": "2694",
        "new_cured": "2621",
        "new_death": "42",
        "death_reconsille": "",
        "total": "",
        "state_code": "27",
        "actualdeath24hrs": "0"
    },
    {
        "sno": "19",
        "state_name": "Manipur",
        "active": "13",
        "positive": "339",
        "cured": "326",
        "death": 0,
        "new_active": "16",
        "new_positive": "342",
        "new_cured": "326",
        "new_death": "0",
        "death_reconsille": "",
        "total": "",
        "state_code": "14",
        "actualdeath24hrs": "0"
    },
    {
        "sno": "20",
        "state_name": "Meghalaya",
        "active": "0",
        "positive": "1",
        "cured": "1",
        "death": 0,
        "new_active": "0",
        "new_positive": "1",
        "new_cured": "1",
        "new_death": "0",
        "death_reconsille": "",
        "total": "",
        "state_code": "17",
        "actualdeath24hrs": "0"
    },
    {
        "sno": "21",
        "state_name": "Mizoram",
        "active": "1",
        "positive": "13",
        "cured": "12",
        "death": 0,
        "new_active": "1",
        "new_positive": "13",
        "new_cured": "12",
        "new_death": "0",
        "death_reconsille": "",
        "total": "",
        "state_code": "15",
        "actualdeath24hrs": "0"
    },
    {
        "sno": "22",
        "state_name": "Nagaland",
        "active": "0",
        "positive": "3",
        "cured": "3",
        "death": 0,
        "new_active": "0",
        "new_positive": "3",
        "new_cured": "3",
        "new_death": "0",
        "death_reconsille": "",
        "total": "",
        "state_code": "13",
        "actualdeath24hrs": "0"
    },
    {
        "sno": "23",
        "state_name": "Odisha",
        "active": "4",
        "positive": "169",
        "cured": "165",
        "death": 0,
        "new_active": "3",
        "new_positive": "169",
        "new_cured": "166",
        "new_death": "0",
        "death_reconsille": "",
        "total": "",
        "state_code": "21",
        "actualdeath24hrs": "0"
    },
    {
        "sno": "24",
        "state_name": "Puducherry",
        "active": "0",
        "positive": "125",
        "cured": "125",
        "death": 0,
        "new_active": "0",
        "new_positive": "125",
        "new_cured": "125",
        "new_death": "0",
        "death_reconsille": "",
        "total": "",
        "state_code": "34",
        "actualdeath24hrs": "0"
    },
    {
        "sno": "25",
        "state_name": "Punjab",
        "active": "17",
        "positive": "244",
        "cured": "223",
        "death": 4,
        "new_active": "19",
        "new_positive": "249",
        "new_cured": "226",
        "new_death": "4",
        "death_reconsille": "",
        "total": "",
        "state_code": "03",
        "actualdeath24hrs": "0"
    },
    {
        "sno": "26",
        "state_name": "Rajasthan",
        "active": "31",
        "positive": "813",
        "cured": "779",
        "death": 3,
        "new_active": "35",
        "new_positive": "817",
        "new_cured": "779",
        "new_death": "3",
        "death_reconsille": "",
        "total": "",
        "state_code": "08",
        "actualdeath24hrs": "0"
    },
    {
        "sno": "27",
        "state_name": "Sikkim",
        "active": "19",
        "positive": "276",
        "cured": "256",
        "death": 1,
        "new_active": "18",
        "new_positive": "279",
        "new_cured": "260",
        "new_death": "1",
        "death_reconsille": "",
        "total": "",
        "state_code": "11",
        "actualdeath24hrs": "0"
    },
    {
        "sno": "28",
        "state_name": "Tamil Nadu",
        "active": "15",
        "positive": "1177",
        "cured": "1155",
        "death": 7,
        "new_active": "13",
        "new_positive": "1179",
        "new_cured": "1159",
        "new_death": "7",
        "death_reconsille": "",
        "total": "",
        "state_code": "33",
        "actualdeath24hrs": "0"
    },
    {
        "sno": "29",
        "state_name": "Telangana",
        "active": "0",
        "positive": "33",
        "cured": "33",
        "death": 0,
        "new_active": "0",
        "new_positive": "33",
        "new_cured": "33",
        "new_death": "0",
        "death_reconsille": "",
        "total": "",
        "state_code": "36",
        "actualdeath24hrs": "0"
    },
    {
        "sno": "30",
        "state_name": "Tripura",
        "active": "0",
        "positive": "31",
        "cured": "31",
        "death": 0,
        "new_active": "0",
        "new_positive": "31",
        "new_cured": "31",
        "new_death": "0",
        "death_reconsille": "",
        "total": "",
        "state_code": "16",
        "actualdeath24hrs": "0"
    },
    {
        "sno": "31",
        "state_name": "Uttarakhand",
        "active": "0",
        "positive": "112",
        "cured": "112",
        "death": 0,
        "new_active": "0",
        "new_positive": "112",
        "new_cured": "112",
        "new_death": "0",
        "death_reconsille": "",
        "total": "",
        "state_code": "05",
        "actualdeath24hrs": "0"
    },
    {
        "sno": "32",
        "state_name": "Uttar Pradesh",
        "active": "20",
        "positive": "1089",
        "cured": "1067",
        "death": 2,
        "new_active": "17",
        "new_positive": "1094",
        "new_cured": "1075",
        "new_death": "2",
        "death_reconsille": "",
        "total": "",
        "state_code": "09",
        "actualdeath24hrs": "0"
    },
    {
        "sno": "33",
        "state_name": "West Bengal",
        "active": "41",
        "positive": "1167",
        "cured": "1125",
        "death": 1,
        "new_active": "41",
        "new_positive": "1167",
        "new_cured": "1125",
        "new_death": "1",
        "death_reconsille": "",
        "total": "",
        "state_code": "19",
        "actualdeath24hrs": "0"
    },
    {
        "sno": "37",
        "state_name": "",
        "active": "360",
        "positive": "29827",
        "cured": "29300",
        "death": 167,
        "new_active": "363",
        "new_positive": "29880",
        "new_cured": "29350",
        "new_death": "167",
        "death_reconsille": "",
        "total": "",
        "state_code": "00",
        "actualdeath24hrs": "0"
    }
]